shapeName,imds,rank_imds,COORD_X,COORD_Y,sdg2_2_cmc,sdg2_2_oww,sdg3_3_cdir,sdg3_3_di,sdg3_3_imr,sdg3_3_ti,sdg3_3_hivi,sdg3_7_afr,sdg3_2_mrc,index_sdg1,sdg1_4_abs
Esmeralda,53.200001,108,-68.086369,-18.945744,19.200001,20.6,0,0,0,0,0,14,34.700001,34.759998,10.8
Santuario de Quillacas,50.5,171,-66.813557,-19.318918,31.5,19.5,0,0,0,23,0,55,64.599998,27.950001,19.299999
Pampa Aullagas,47.299999,246,-67.165981,-19.231799,31.5,19.5,0,0,0,34,0,55,52.700001,18.91,12.3
Llallagua,58.099998,44,-66.572717,-18.36274,18.0,18.9,0,0,0,68,47,54,56.900002,60.48,54.0
Caripuyo,43.5,299,-66.592666,-18.180206,29.5,18.0,0,0,0,11,0,85,98.599998,18.889999,8.3
Aiquile,50.400002,177,-65.104024,-18.322991,18.1,23.4,2,0,0,32,41,85,39.400002,41.880001,41.700001
Sacaca,42.200001,312,-66.343593,-18.117116,49.200001,11.3,0,0,0,5,0,59,80.199997,19.32,13.9
Acasio,42.099998,313,-66.014164,-18.049848,29.5,18.0,0,0,0,31,0,86,80.199997,20.73,12.3
Huanuni,56.799999,59,-66.765546,-18.263649,19.200001,20.6,0,0,0,85,181,55,49.799999,65.089996,45.200001
Huachacalla,61.299999,23,-68.275615,-18.795671,19.200001,20.6,0,0,0,0,0,0,53.0,69.68,69.300003
Santiago de Huari,50.599998,169,-66.563699,-19.164007,31.5,19.5,0,0,0,6,0,53,33.799999,27.549999,19.799999
Pazña,54.299999,92,-66.912813,-18.613601,19.200001,20.6,0,0,0,32,0,57,41.400002,35.779999,13.1
Villa Rivero,52.5,130,-65.852484,-17.649075,11.0,24.700001,1,0,0,33,0,66,25.700001,47.349998,32.299999
Andamarca,46.0,274,-67.381115,-18.89269,52.599998,12.2,0,0,0,0,0,32,55.299999,14.49,4.8
Chacarilla,43.099998,302,-68.171628,-17.548561,38.5,13.6,0,0,0,0,0,51,34.099998,9.72,0.1
Arbieto,50.900002,165,-66.065629,-17.559227,18.1,23.4,1,0,0,23,37,66,41.900002,46.040001,42.700001
Papel Pampa,50.299999,178,-67.709664,-17.697079,23.1,21.700001,0,0,0,13,0,57,37.700001,20.15,21.9
Umala,51.200001,157,-67.997014,-17.40386,23.1,21.700001,0,0,0,11,0,36,37.599998,23.32,19.9
Oruro,67.400002,9,-67.091248,-17.960406,19.200001,20.6,0,0,0,46,317,43,27.9,79.080002,72.199997
Huayllamarca,47.5,241,-67.82031,-17.927772,52.599998,12.2,0,0,0,17,0,71,33.099998,11.57,4.3
San Pedro de Curahuara,49.0,206,-67.966876,-17.632578,38.5,13.6,0,0,0,11,0,49,28.1,13.48,6.8
Sicaya,46.599998,263,-66.341352,-17.789832,30.200001,14.7,5,0,0,0,0,47,50.799999,24.66,22.799999
Puerto Quijarro,64.0,15,-57.68504,-18.426798,7.6,32.799999,0,0,0,88,213,80,33.700001,78.93,88.400002
Capinota,55.0,85,-66.226315,-17.777533,18.1,23.4,0,0,0,57,84,68,32.5,53.330002,50.299999
Arque,40.400002,322,-66.416805,-17.825444,30.200001,14.7,1,0,0,9,0,96,71.699997,6.56,5.4
Corocoro,47.5,238,-68.432505,-17.173211,38.5,13.6,0,0,0,0,0,77,70.400002,21.25,9.4
San Benito,58.099998,45,-65.880135,-17.497147,11.0,24.700001,0,0,0,43,32,53,37.799999,69.25,67.0
Sapahaqui,48.099998,223,-67.836405,-16.953427,23.1,21.700001,1,0,0,31,0,32,47.700001,21.389999,6.9
Cairoma,48.400002,214,-67.577244,-16.845168,23.1,21.700001,2,0,0,18,0,70,44.299999,28.93,15.2
Colquiri,46.799999,258,-66.993632,-17.421642,23.1,21.700001,0,0,0,4,37,90,58.700001,26.43,13.8
Ichoca,41.799999,315,-67.192907,-17.185952,38.5,13.6,0,0,0,0,0,53,26.200001,13.07,10.7
La Guardia,56.400002,65,-63.233832,-18.054188,7.6,32.799999,19,0,0,69,81,65,21.9,78.610001,88.0
Moromoro,55.400002,77,-64.343624,-18.320648,12.5,31.200001,21,0,0,0,0,126,26.1,48.049999,37.200001
El Torno,53.0,114,-63.468331,-18.048245,7.6,32.799999,10,0,0,71,205,73,22.700001,67.019997,74.0
Samaipata,59.0,34,-63.749871,-18.175652,7.6,32.799999,0,0,0,121,0,83,18.9,61.669998,58.0
San Lucas,42.299999,310,-64.899068,-20.160679,40.599998,16.9,1,0,0,68,22,86,36.400002,13.6,16.1
Culpina,45.799999,277,-64.572334,-20.869892,40.599998,16.9,4,0,0,43,27,86,29.9,20.93,28.700001
Incahuasi,40.099998,326,-64.572757,-20.591149,40.599998,16.9,0,0,0,35,36,81,35.099998,7.58,13.8
San Juan,51.299999,155,-63.998189,-16.860315,12.5,31.200001,0,1,0,116,0,107,18.9,57.02,64.099998
Tinguipaya,36.400002,337,-65.904561,-19.170294,49.200001,11.3,0,0,0,3,0,80,81.800003,3.6,6.0
San Pedro,36.299999,338,-65.968319,-18.340654,49.200001,11.3,1,0,0,9,32,100,71.599998,3.41,5.0
Villa Ancoraimes,47.099998,252,-68.868144,-15.854028,23.1,21.700001,0,0,0,0,19,30,60.099998,25.799999,14.4
"Colcha ""K""",54.099998,97,-67.313798,-21.204733,29.5,18.0,0,0,0,6,0,100,64.900002,41.509998,27.700001
Puerto Mayor de Carabuco,47.5,236,-69.001266,-15.71281,23.1,21.700001,0,0,0,28,0,63,37.299999,22.299999,15.9
Sabaya,50.0,186,-68.610299,-18.90801,31.5,19.5,0,0,0,0,30,47,61.400002,23.950001,9.8
Loreto,43.900002,294,-64.920716,-15.568192,25.200001,20.1,0,0,0,24,0,200,40.5,27.01,30.799999
Tomave,46.799999,259,-66.394009,-20.101679,49.200001,11.3,0,0,0,18,0,87,56.5,19.370001,5.7
Porco,55.200001,79,-65.984158,-19.807815,18.0,18.9,0,0,0,26,0,90,38.5,57.84,58.400002
Villa Montes,63.900002,16,-62.911854,-21.401037,14.2,27.5,3,1,0,76,0,74,21.299999,73.849998,75.0
Yocalla,49.400002,195,-65.941579,-19.49558,18.0,18.9,0,0,0,10,0,74,44.900002,37.259998,27.6
Urmiri,42.400002,309,-66.181222,-19.472973,49.200001,11.3,0,0,0,0,0,9,66.5,11.55,5.1
Mocomoco,46.299999,268,-69.036253,-15.450824,23.1,21.700001,0,0,0,6,0,53,49.099998,19.51,17.0
Saipina,55.099998,80,-64.640704,-18.022719,7.6,32.799999,2,0,0,11,0,94,22.6,54.279999,61.400002
Omereque,55.099998,81,-64.893546,-18.070062,18.1,23.4,3,0,0,0,0,61,28.4,48.759998,48.099998
Porongo,55.700001,70,-63.364495,-17.749284,7.6,32.799999,0,0,0,11,29,72,21.700001,67.120003,64.900002
Santa Cruz de la Sierra,64.099998,13,-62.997201,-17.806888,7.6,32.799999,0,0,0,123,484,61,18.299999,86.169998,95.599998
San Ignacio,48.900002,208,-65.686899,-15.468124,25.200001,20.1,0,0,0,4,33,119,31.6,33.130001,22.4
San Javier,48.099998,219,-64.425263,-14.42204,12.5,31.200001,0,0,0,32,0,100,28.700001,43.939999,52.099998
San Pedro,57.700001,50,-63.612694,-16.516767,7.6,32.799999,0,0,0,105,0,81,21.799999,67.940002,83.5
Cajuata,55.400002,78,-67.247674,-16.637656,14.0,22.799999,0,0,0,60,0,69,33.400002,50.900002,35.299999
Inquisivi,44.0,293,-66.977619,-16.682965,38.5,13.6,0,0,0,13,0,62,35.799999,10.97,7.7
Irupana,55.599998,72,-67.509467,-16.51059,14.0,22.799999,0,0,0,96,13,85,28.799999,41.330002,35.700001
Chulumani,56.5,63,-67.538645,-16.390653,14.0,22.799999,0,0,0,188,25,65,25.4,51.349998,38.599998
Poopó,51.299999,154,-66.941924,-18.36646,19.200001,20.6,0,0,0,12,0,77,49.5,47.150002,25.5
Totora,48.400002,215,-68.179447,-17.854556,52.599998,12.2,0,0,0,0,0,69,37.5,11.47,5.5
Betanzos,47.5,239,-65.226002,-19.457644,29.5,18.0,2,0,0,21,0,74,52.0,28.4,22.4
Turco,50.5,176,-68.530185,-18.33705,31.5,19.5,0,0,0,0,90,80,54.799999,22.360001,18.1
Todos Santos,45.5,280,-68.758792,-19.028576,52.599998,12.2,0,0,0,0,0,0,33.0,15.14,12.4
Concepción,52.0,142,-62.112093,-15.298619,12.5,31.200001,0,0,0,49,34,116,22.1,44.029999,46.299999
Santa Rosa,47.200001,248,-63.839265,-16.6587,12.5,31.200001,0,0,0,31,34,104,19.9,42.380001,46.099998
Huacaraje,46.900002,257,-64.062737,-13.824182,15.1,32.099998,0,2,0,0,0,137,25.799999,37.290001,33.200001
La Rivera,52.799999,121,-68.660838,-19.061529,31.5,19.5,0,0,0,0,0,125,22.799999,21.040001,15.5
Entre Ríos,55.599998,73,-64.065841,-21.398108,23.299999,26.0,5,1,0,33,0,85,18.9,52.060001,47.299999
San Joaquín,53.799999,100,-64.856105,-12.96164,15.1,32.099998,0,0,0,65,0,110,27.5,51.139999,49.400002
San Ramón,52.400002,131,-64.599167,-13.506861,15.1,32.099998,0,1,0,19,0,115,27.1,56.02,57.599998
Tiahuanacu,51.400002,152,-68.695836,-16.558634,23.1,21.700001,0,0,0,7,0,38,48.200001,32.259998,28.299999
Colquechaca,40.299999,325,-66.013197,-18.807658,49.200001,11.3,1,0,0,19,0,94,79.599998,13.89,14.1
Pocoata,41.0,317,-66.155372,-18.64008,49.200001,11.3,0,0,0,20,0,66,82.300003,13.99,7.2
Llica,49.200001,202,-68.412229,-20.049905,29.5,18.0,0,0,0,0,0,118,71.300003,38.07,18.9
Quillacollo,69.800003,4,-66.329013,-17.212015,11.0,24.700001,3,0,0,75,59,48,28.200001,82.519997,84.599998
Sacaba,68.5,6,-66.030108,-17.331359,11.0,24.700001,1,0,0,45,60,51,31.700001,71.019997,66.800003
Tiquipaya,65.800003,12,-66.202123,-17.187473,11.0,24.700001,0,0,0,50,108,52,30.700001,76.309998,75.5
Colcapirhua,68.099998,7,-66.232921,-17.391253,11.0,24.700001,0,0,0,61,80,46,27.4,90.459999,92.5
Sipesipe,58.799999,38,-66.391038,-17.502565,11.0,24.700001,1,0,0,52,22,70,35.400002,63.93,62.599998
Vinto,64.0,14,-66.374902,-17.342434,11.0,24.700001,0,0,0,45,78,58,27.200001,69.419998,67.300003
Tarata,55.0,84,-66.064844,-17.691811,18.1,23.4,1,0,0,81,29,58,43.5,52.73,44.0
Totora,47.799999,229,-65.144681,-17.586151,30.200001,14.7,0,0,0,30,62,101,42.5,19.870001,16.0
Buena Vista,56.400002,66,-63.75708,-17.698083,7.6,32.799999,0,0,0,81,0,96,20.5,64.18,67.0
San Carlos,54.400002,91,-63.753136,-17.290946,7.6,32.799999,0,0,0,70,267,76,18.700001,59.43,66.800003
Magdalena,52.700001,122,-63.686895,-12.994893,15.1,32.099998,0,3,1,31,61,114,22.4,45.639999,41.0
Portachuelo,61.099998,25,-63.449182,-17.35716,7.6,32.799999,0,0,0,20,90,98,16.200001,79.330002,83.599998
San Antonio de Esmoruco,47.900002,227,-66.633628,-22.083896,29.5,18.0,0,0,0,0,0,92,59.099998,21.889999,21.4
Uriondo,59.5,30,-64.708696,-21.743058,14.2,27.5,0,0,0,32,0,66,19.9,55.970001,47.900002
Mojinete,40.400002,323,-66.351031,-21.813115,49.200001,11.3,0,0,0,0,0,83,46.0,14.59,16.200001
Yacuiba,62.5,20,-63.284749,-21.795791,14.2,27.5,2,2,0,116,15,62,23.200001,77.059998,80.699997
Yunchará,51.799999,145,-65.162798,-21.79089,23.299999,26.0,0,0,0,17,0,111,26.799999,49.73,55.200001
Caraparí,63.0,18,-63.898393,-21.815287,14.2,27.5,1,0,0,71,0,91,18.299999,69.790001,75.0
San Lorenzo,59.5,31,-64.696018,-21.234834,14.2,27.5,1,0,0,19,0,58,18.200001,59.700001,55.299999
El Puente,42.700001,307,-65.049619,-21.278403,20.9,19.5,0,0,0,18,94,131,19.9,26.16,25.0
Toro Toro,40.599998,320,-65.700796,-18.20967,49.200001,11.3,1,0,0,44,0,119,59.799999,13.48,15.3
San Agustín,49.799999,189,-67.413827,-21.495455,29.5,18.0,0,0,0,0,0,97,80.0,38.41,23.9
Tarija,70.599998,3,-64.593914,-21.559475,14.2,27.5,1,0,0,46,209,47,14.4,80.629997,85.099998
Tahua,52.299999,134,-67.943756,-20.288352,18.0,18.9,0,0,0,0,0,114,64.400002,28.620001,6.5
San Pablo,48.599998,210,-67.234475,-22.177457,29.5,18.0,0,0,0,0,0,101,78.5,24.969999,16.6
Las Carreras,50.799999,168,-65.320278,-21.295,24.299999,27.1,12,0,0,68,0,100,23.1,35.279999,36.0
Villa Abecia,50.099998,184,-65.28834,-20.986674,24.299999,27.1,0,0,0,0,132,96,21.5,28.66,26.700001
Morochata,46.200001,272,-66.570625,-17.202205,30.200001,14.7,0,0,0,45,19,70,58.799999,11.76,16.4
Carangas,46.5,265,-68.661292,-18.901463,52.599998,12.2,0,0,0,0,0,76,38.599998,8.5,1.2
Yunguyo del Litoral,50.5,170,-68.351925,-18.87584,31.5,19.5,0,0,0,0,0,0,29.200001,15.83,1.2
Cruz de Machacamarca,45.200001,283,-68.374524,-18.716615,31.5,19.5,0,0,0,0,0,26,54.700001,19.790001,4.8
Antequera,51.5,150,-66.77567,-18.525228,19.200001,20.6,0,0,0,0,0,93,45.299999,52.700001,29.700001
Nazacara de Pacajes,53.099998,109,-68.75468,-16.92703,23.1,21.700001,0,0,0,0,0,0,35.200001,23.190001,17.6
Caquiaviri,48.599998,211,-68.818053,-17.085324,38.5,13.6,0,0,0,0,0,51,44.299999,12.2,10.3
Belén de Andamarca,48.400002,213,-67.750082,-18.891337,31.5,19.5,0,0,0,0,0,72,30.200001,16.450001,2.3
Corque,46.400002,266,-67.799316,-18.46335,52.599998,12.2,0,0,0,21,0,81,35.799999,12.61,3.1
Vitiche,47.5,240,-65.432375,-20.350326,29.5,18.0,1,0,0,18,0,56,38.700001,30.530001,24.0
Luribay,53.099998,113,-67.634265,-17.093324,23.1,21.700001,1,0,0,25,0,46,37.0,34.549999,27.799999
Machacamarca,56.5,62,-66.974281,-18.152264,19.200001,20.6,0,0,0,19,0,49,46.900002,53.029999,36.299999
Arampampa,42.5,308,-66.125985,-17.945554,49.200001,11.3,0,0,0,0,0,143,67.800003,14.64,13.8
Sacabamba,44.700001,289,-65.78711,-17.776395,30.200001,14.7,0,0,0,22,55,61,62.700001,22.9,17.700001
Anzaldo,43.099998,303,-65.9162,-17.843596,30.200001,14.7,1,0,0,0,67,70,46.599998,18.65,16.1
Toco,52.700001,125,-65.919609,-17.645628,11.0,24.700001,0,0,0,0,0,40,31.6,51.450001,43.5
Villa Gualberto Villarroel,49.599998,192,-65.769604,-17.689699,18.1,23.4,0,0,0,0,0,50,37.799999,25.629999,22.4
Tacachi,51.099998,162,-65.789375,-17.636536,11.0,24.700001,2,0,0,0,0,65,35.0,39.66,17.799999
Cliza,60.5,27,-65.937021,-17.583151,11.0,24.700001,0,0,0,46,64,52,26.6,76.260002,76.199997
Tacopaya,43.599998,297,-66.625626,-17.826491,30.200001,14.7,0,0,0,18,23,28,52.099998,16.790001,21.4
El Choro,42.900002,306,-67.174581,-18.263473,52.599998,12.2,0,0,0,9,0,43,30.1,0.06,0.2
Toledo,45.599998,278,-67.413123,-18.275951,52.599998,12.2,0,0,0,0,0,57,40.200001,8.18,4.3
Santivañez,52.0,141,-66.218111,-17.573561,11.0,24.700001,4,0,0,42,35,45,50.700001,50.990002,43.299999
Paria,48.900002,207,-66.93588,-17.857265,31.5,19.5,0,0,0,8,0,49,53.599998,25.49,6.6
Collana,52.299999,133,-68.301453,-16.904149,14.0,22.799999,0,0,0,20,0,37,33.099998,38.0,42.299999
Tolata,57.599998,53,-66.004412,-17.526997,11.0,24.700001,1,0,0,83,85,41,25.700001,71.199997,68.300003
Cobija,57.099998,57,-68.87244,-11.079918,9.4,29.0,0,3,2,123,152,109,15.4,71.370003,72.400002
Eucaliptus,58.599998,40,-67.43962,-17.634321,19.200001,20.6,0,0,0,0,0,85,48.700001,37.259998,16.799999
Santiago de Callapa,44.400002,290,-68.346673,-17.400623,38.5,13.6,0,0,0,0,0,22,56.400002,0.88,1.0
Cochabamba,73.699997,2,-66.167934,-17.424973,11.0,24.700001,3,0,0,50,486,45,19.5,78.559998,68.0
Caracollo,53.200001,107,-67.292906,-17.691993,31.5,19.5,0,0,0,25,21,45,51.0,31.15,17.0
Catacora,51.0,164,-69.480529,-17.252627,23.1,21.700001,0,0,0,0,0,42,26.0,21.07,29.200001
Yaco,47.099998,251,-67.398227,-17.240916,23.1,21.700001,0,0,0,0,0,53,74.400002,22.440001,10.3
Calacoto,46.200001,271,-68.772336,-17.562269,38.5,13.6,0,0,0,0,0,71,47.799999,6.23,6.1
Arani,57.900002,48,-65.727146,-17.592735,11.0,24.700001,3,0,0,10,0,39,45.099998,57.900002,51.900002
Punata,63.700001,17,-65.832796,-17.548304,11.0,24.700001,2,0,0,63,104,38,27.1,76.879997,75.199997
Sicasica,50.799999,167,-67.618452,-17.375314,23.1,21.700001,0,0,0,21,0,42,42.0,25.709999,13.9
Patacamaya,56.400002,64,-67.913192,-17.216754,14.0,22.799999,0,0,0,34,21,53,45.900002,45.029999,43.400002
Colquencha,50.5,174,-68.256729,-16.991588,23.1,21.700001,0,0,0,9,0,57,42.099998,28.43,20.299999
Santiago de Machaca,52.099998,139,-69.271202,-17.189811,23.1,21.700001,0,0,0,0,0,50,53.700001,23.389999,21.0
Sena,37.599998,334,-67.359346,-11.855364,25.700001,17.200001,0,0,45,19,0,148,31.9,5.77,1.2
San Lorenzo,41.900002,314,-66.821752,-11.597681,25.700001,17.200001,0,1,42,0,0,111,45.799999,10.06,7.5
Santa Rosa,48.200001,217,-66.6614,-13.317344,25.700001,17.200001,0,0,84,79,0,235,38.200001,27.809999,22.1
Malla,48.099998,220,-67.42763,-17.010433,23.1,21.700001,0,0,0,0,0,38,39.700001,24.889999,18.0
Comanche,48.099998,221,-68.449473,-16.950742,23.1,21.700001,0,0,0,0,0,69,42.099998,18.15,10.5
Calamarca,53.0,116,-68.112847,-16.890322,23.1,21.700001,0,0,0,24,20,37,52.900002,29.15,18.1
Viacha,57.599998,52,-68.310773,-16.734055,14.0,22.799999,0,0,0,44,8,54,43.099998,55.650002,45.299999
Villa Libertad Licoma,52.5,129,-67.203666,-16.811896,23.1,21.700001,0,0,0,34,0,48,39.900002,34.150002,31.6
Quime,53.099998,111,-67.340472,-16.850676,14.0,22.799999,0,0,0,11,0,94,49.700001,39.889999,24.700001
Huatajata,58.700001,39,-68.690151,-16.199338,14.0,22.799999,0,0,0,93,0,26,44.799999,55.419998,51.900002
Laja,51.200001,156,-68.459642,-16.588598,23.1,21.700001,0,0,0,7,0,44,41.099998,27.83,22.0
Mecapaca,58.0,47,-67.980069,-16.717485,14.0,22.799999,0,0,0,50,0,40,39.700001,45.91,32.0
Palca,49.099998,205,-67.825938,-16.666847,23.1,21.700001,1,0,0,51,0,76,56.599998,29.48,15.5
Achocalla,55.700001,69,-68.126028,-16.662314,23.1,21.700001,0,0,0,4,0,38,40.599998,40.369999,21.0
El Alto,67.400002,8,-68.203791,-16.469452,15.1,25.0,0,0,0,62,265,39,42.900002,76.190002,76.699997
Yanacachi,58.0,46,-67.791172,-16.424736,14.0,22.799999,0,0,0,146,0,68,30.799999,52.970001,52.299999
Tapacarí,39.400002,328,-66.650929,-17.570861,30.200001,14.7,0,0,0,11,0,68,73.199997,7.23,6.9
Desaguadero,57.0,58,-68.979109,-16.614504,14.0,22.799999,0,0,0,13,0,60,55.700001,48.290001,34.799999
Jesús de Machaka,52.5,128,-68.739571,-16.761218,23.1,21.700001,0,0,0,19,0,32,31.9,24.809999,27.9
Puerto Mayor de Guaqui,53.400002,106,-68.821187,-16.606463,14.0,22.799999,0,0,0,68,0,31,36.700001,38.560001,27.4
Tito Yupanqui,45.400002,281,-68.960423,-16.179695,23.1,21.700001,0,0,0,0,0,16,28.1,18.309999,11.0
Pucarani,50.5,172,-68.416365,-16.360823,23.1,21.700001,0,0,0,17,0,54,49.599998,26.1,18.6
Combaya,49.400002,194,-68.753611,-15.816798,23.1,21.700001,0,0,0,25,0,28,42.200001,28.52,23.700001
Coroico,58.799999,36,-67.772683,-16.162724,14.0,22.799999,0,0,0,137,12,50,25.4,47.48,36.700001
Coripata,59.200001,33,-67.56647,-16.208129,14.0,22.799999,0,0,0,114,13,55,33.900002,57.02,46.0
Quiabaya,50.099998,183,-68.714799,-15.601605,23.1,21.700001,0,0,0,186,0,67,53.299999,27.860001,19.799999
Aucapata,43.400002,300,-68.699085,-15.438554,23.1,21.700001,0,0,0,87,0,92,38.700001,22.530001,17.6
Ayo Ayo,50.099998,181,-68.019484,-17.076525,23.1,21.700001,0,0,0,12,0,49,41.700001,20.09,9.9
Azurduy,37.900002,333,-64.432695,-20.181806,40.599998,16.9,0,0,1,9,205,99,48.099998,7.65,12.8
Tipuani,52.099998,138,-68.055884,-15.584172,14.0,22.799999,0,1,0,358,0,78,43.799999,48.82,35.400002
Nuestra Señora de La Paz,80.199997,1,-67.97181,-16.166874,14.0,22.799999,0,0,0,53,445,31,22.1,90.309998,90.900002
Sorata,49.299999,197,-68.493931,-15.719428,23.1,21.700001,0,0,0,63,0,82,43.299999,30.18,26.9
La Asunta,47.400002,243,-67.156495,-16.108103,38.5,13.6,0,0,0,111,29,88,32.700001,24.75,10.8
Chuma,47.0,255,-68.865486,-15.593042,23.1,21.700001,0,0,0,52,0,44,53.599998,26.5,23.700001
Guanay,47.0,256,-68.042084,-15.735879,23.1,21.700001,0,9,0,127,0,105,32.900002,41.5,36.700001
Teoponte,48.700001,209,-67.686904,-15.40807,38.5,13.6,0,1,0,141,0,104,33.400002,25.27,23.299999
Mapiri,51.799999,144,-68.25804,-15.379346,14.0,22.799999,0,4,0,157,0,112,34.799999,45.759998,40.5
Charazani,49.299999,196,-68.773584,-15.096923,38.5,13.6,0,0,0,22,56,63,36.400002,15.47,10.4
"Caiza ""D""",51.5,151,-65.653561,-20.011159,29.5,18.0,0,0,0,58,0,48,36.700001,36.400002,23.1
Copacabana,54.299999,93,-69.060523,-16.138482,14.0,22.799999,0,0,0,6,32,37,60.200001,48.900002,41.900002
Tarvita,40.0,327,-64.561679,-19.772343,40.599998,16.9,0,0,0,27,102,84,34.299999,8.8,13.1
Chaquí,48.0,226,-65.545882,-19.62478,29.5,18.0,0,0,0,39,0,48,41.5,32.139999,20.6
Puna,50.099998,180,-65.400832,-19.8773,29.5,18.0,1,0,0,23,11,60,34.599998,31.379999,23.200001
Ckochas,38.200001,332,-65.022763,-19.74195,49.200001,11.3,1,0,0,25,0,76,58.599998,2.31,2.8
El Villar,47.700001,232,-64.274842,-19.690736,40.599998,16.9,1,0,0,21,0,46,25.200001,22.110001,22.1
Huacaya,49.099998,204,-63.595749,-20.717796,40.599998,16.9,8,0,0,0,94,94,18.6,30.41,23.200001
Tacacoma,50.200001,179,-68.52452,-15.392857,23.1,21.700001,1,0,0,138,0,79,24.799999,30.1,21.1
Huacareta,47.599998,234,-64.010136,-20.594854,40.599998,16.9,2,0,0,23,0,134,18.299999,31.860001,26.9
Monteagudo,57.5,54,-64.075241,-20.015288,24.299999,27.1,2,0,0,46,19,73,16.0,51.700001,51.700001
Potosí,66.199997,11,-65.721306,-19.536496,18.0,18.9,0,0,0,64,164,56,26.200001,76.739998,80.5
San Pedro de Tiquina,51.200001,158,-68.871843,-16.226387,23.1,21.700001,0,0,0,16,0,42,45.200001,31.469999,15.4
Lagunillas,52.099998,137,-63.644951,-19.771139,12.5,31.200001,0,0,0,17,0,108,14.5,41.73,40.599998
Alcalá,48.099998,218,-64.374234,-19.43205,24.299999,27.1,0,0,0,0,97,53,19.200001,32.759998,22.799999
Sopachui,44.900002,287,-64.534024,-19.464143,40.599998,16.9,0,0,0,0,686,75,34.299999,22.639999,27.5
Villa Ricardo Mugia - Icla,45.099998,284,-64.745493,-19.46529,40.599998,16.9,4,0,0,25,63,67,44.400002,30.1,39.400002
Yotala,55.5,75,-65.26573,-19.225121,14.8,28.5,1,0,0,70,25,65,29.4,52.84,44.900002
Yamparáez,47.0,254,-65.071129,-19.24281,40.599998,16.9,5,0,0,18,23,51,34.5,24.01,20.700001
Tomina,47.400002,245,-64.494591,-19.161214,40.599998,16.9,3,0,0,11,514,102,24.4,31.389999,28.1
Ocurí,38.5,330,-65.768549,-18.889184,49.200001,11.3,0,0,0,6,0,69,62.700001,7.41,11.3
Tarabuco,43.299999,301,-64.909415,-19.122939,40.599998,16.9,5,0,0,70,174,78,35.900002,22.809999,19.6
Zudañez,47.5,235,-64.687807,-19.128319,40.599998,16.9,0,0,0,41,416,65,29.1,27.889999,28.799999
Curva,46.200001,270,-68.966329,-14.985938,38.5,13.6,0,0,0,0,0,94,47.099998,15.88,18.299999
Pelechuco,47.400002,244,-69.090797,-14.80018,38.5,13.6,0,0,0,42,0,98,58.0,17.120001,10.4
Palos Blancos,50.900002,166,-67.231286,-15.417809,23.1,21.700001,0,3,0,197,28,77,36.200001,35.459999,39.700001
Apolo,51.599998,149,-68.232274,-14.658933,23.1,21.700001,0,0,0,0,0,74,37.5,31.52,30.9
Puerto Menor de Rurrenabaque,55.099998,82,-67.305482,-14.688873,15.1,32.099998,0,4,0,61,23,85,27.0,55.439999,64.5
San Buenaventura,52.200001,135,-67.745609,-14.258516,23.1,21.700001,0,1,0,75,109,92,48.299999,53.349998,59.400002
Santa Ana,52.700001,124,-65.996796,-14.350355,15.1,32.099998,0,1,0,16,134,108,27.6,56.040001,64.5
San Borja,47.099998,250,-66.808303,-15.003657,25.200001,20.1,0,0,0,75,17,110,42.900002,39.299999,46.5
Reyes,51.400002,153,-67.058307,-13.404164,15.1,32.099998,0,0,3,14,0,91,29.6,44.959999,48.400002
Puerto Gonzalo Moreno,47.400002,242,-66.326023,-11.168032,25.700001,17.200001,0,0,11,11,0,121,22.6,13.13,18.299999
Puerto Siles,44.799999,288,-64.986065,-12.424453,15.1,32.099998,0,0,0,0,0,219,34.400002,36.060001,48.700001
Exaltación,44.099998,291,-65.783177,-12.804001,25.200001,20.1,0,3,0,0,0,112,33.900002,13.22,27.1
Riberalta,50.5,175,-66.100396,-11.527484,15.1,32.099998,0,31,23,75,190,121,31.200001,48.75,30.6
Porvenir,52.599998,126,-68.793863,-11.238038,15.4,27.5,0,0,5,60,0,93,18.799999,55.389999,58.799999
Bella Flor,48.5,212,-67.932177,-10.933113,25.700001,17.200001,0,4,13,0,0,62,22.6,25.940001,21.0
San Pedro,36.400002,336,-66.59048,-11.024991,25.700001,17.200001,0,0,9,0,0,76,47.700001,0.65,2.0
Puerto Rico,49.200001,199,-67.538198,-11.327729,15.4,27.5,0,0,10,57,0,145,35.5,44.810001,45.5
Santa Rosa,55.5,76,-67.278336,-10.731101,15.1,32.099998,0,1,1,29,0,119,21.0,51.419998,72.599998
Ingavi,43.599998,295,-66.7474,-10.50408,25.700001,17.200001,0,5,41,55,0,328,41.900002,17.139999,25.6
Guayaramerín,53.099998,112,-65.435058,-11.309973,9.2,33.799999,0,10,37,72,172,110,24.700001,71.019997,77.5
Villa Nueva,43.0,305,-66.104964,-10.651288,25.700001,17.200001,0,0,25,32,0,256,33.799999,7.91,7.3
Santos Mercado,40.900002,318,-66.136759,-10.153707,25.700001,17.200001,0,0,52,0,0,166,67.900002,5.45,8.4
Nueva Esperanza,46.0,273,-65.537924,-10.111461,25.700001,17.200001,0,0,81,42,109,188,35.099998,6.63,5.2
Santiago de Huata,51.900002,143,-68.83323,-16.086559,14.0,22.799999,0,0,0,0,0,69,45.900002,37.110001,34.700001
Puerto Pérez,45.0,285,-68.619281,-16.329073,23.1,21.700001,0,0,0,11,29,30,58.5,26.26,12.6
Chuquihuta Ayllu Jucumani,38.400002,331,-66.35298,-18.633016,49.200001,11.3,0,0,0,56,0,102,69.599998,19.610001,4.8
Bolpebra,40.799999,319,-69.226314,-11.169207,25.700001,17.200001,0,4,0,129,0,150,26.0,11.41,7.5
Filadelfia,48.299999,216,-68.53308,-11.756114,25.700001,17.200001,0,8,4,49,0,156,33.799999,25.299999,13.6
Alto Beni,47.5,237,-67.39042,-15.605211,38.5,13.6,0,1,0,151,0,73,31.1,23.4,25.9
Caranavi,53.5,103,-67.487668,-15.844957,23.1,21.700001,0,120,0,282,66,62,31.200001,36.849998,38.5
Huarina,54.200001,95,-68.595528,-16.164761,23.1,21.700001,0,0,0,0,0,39,44.099998,33.189999,22.6
Bolivar,42.200001,311,-66.644792,-18.015139,18.1,23.4,0,0,0,0,0,32,79.0,14.58,3.7
Chua Cocani,52.700001,123,-68.750455,-16.159307,14.0,22.799999,0,0,0,0,0,26,69.300003,41.029999,29.5
Humanata,46.700001,261,-69.171002,-15.414573,38.5,13.6,0,0,0,0,0,34,72.400002,16.889999,13.4
Villa Vaca Guzmán,51.599998,147,-63.802508,-19.893153,24.299999,27.1,49,2,0,58,24,81,28.1,42.389999,44.400002
Batallas,53.0,117,-68.434729,-16.164549,23.1,21.700001,0,0,0,5,0,39,48.799999,37.220001,31.6
Padilla,54.200001,96,-64.160629,-19.375145,40.599998,16.9,1,0,0,9,69,92,27.799999,35.18,34.099998
Mojocoya,46.700001,262,-64.643755,-18.781303,40.599998,16.9,4,0,0,0,89,54,30.799999,30.440001,26.9
Pucará,52.900002,118,-64.19104,-18.762325,12.5,31.200001,7,0,0,0,0,74,22.6,38.419998,29.299999
Villa Serrano,52.400002,132,-64.299022,-18.952216,24.299999,27.1,0,0,0,34,21,55,26.700001,40.240002,41.0
Macharetí,48.0,224,-62.87946,-20.725258,24.299999,27.1,21,5,0,25,65,93,13.6,39.889999,35.400002
Boyuibe,55.5,74,-63.075601,-20.338891,12.5,31.200001,1,0,0,68,43,69,11.6,53.110001,56.599998
Cuevo,54.700001,90,-63.539361,-20.330302,12.5,31.200001,11,0,0,18,46,66,16.9,48.709999,54.700001
Camiri,62.700001,19,-63.487456,-20.034517,7.6,32.799999,5,0,0,62,75,56,22.4,81.32,87.400002
Cocapata,40.299999,324,-66.55238,-16.48881,30.200001,14.7,0,0,0,15,0,76,45.5,5.45,8.9
Vallegrande,60.900002,26,-63.939699,-18.783797,7.6,32.799999,1,0,0,21,40,84,19.200001,63.98,62.599998
Gutiérrez,46.799999,260,-63.501133,-19.396654,20.9,19.5,0,0,0,44,0,114,26.4,26.540001,16.6
Sucre,69.599998,5,-65.250075,-18.937407,14.8,28.5,1,0,0,57,266,44,24.700001,78.739998,79.5
Presto,44.099998,292,-64.893186,-18.755622,40.599998,16.9,3,0,0,51,37,92,33.0,10.24,18.4
Postrervalle,53.400002,104,-63.763883,-18.624948,20.9,19.5,0,0,0,0,0,77,17.5,40.68,38.700001
Trigal,58.799999,37,-64.132951,-18.286779,7.6,32.799999,5,0,0,0,0,40,20.4,66.910004,61.799999
Quirusillas,52.900002,119,-63.938608,-18.370062,7.6,32.799999,1,0,0,53,0,37,25.200001,47.689999,52.599998
Cabezas,49.799999,188,-63.268835,-18.464391,12.5,31.200001,0,0,0,36,33,72,22.0,55.720001,64.199997
Cotoca,55.0,83,-62.908561,-17.75432,7.6,32.799999,0,0,0,116,126,87,25.700001,76.129997,75.400002
Yapacaní,47.799999,228,-64.362292,-16.751756,12.5,31.200001,0,0,0,131,284,97,24.9,42.889999,47.900002
Cuatro Cañadas,53.599998,102,-62.242654,-17.23731,7.6,32.799999,2,0,0,77,0,56,22.700001,68.959999,73.800003
San Ramón,49.200001,201,-62.4342,-16.576975,7.6,32.799999,0,0,0,45,29,84,25.5,54.310001,62.0
San Javier,46.5,264,-62.491025,-16.233524,25.200001,20.1,0,0,0,17,0,148,23.700001,31.26,28.1
San Miguel,47.799999,231,-61.272287,-16.842899,12.5,31.200001,0,0,0,72,0,125,19.200001,42.509998,49.299999
Villa Tunari,53.400002,105,-65.572556,-16.63465,30.200001,14.7,0,1,0,98,62,99,33.400002,26.15,21.5
Chimoré,53.900002,99,-64.912612,-16.561631,30.200001,14.7,0,0,0,83,0,104,26.299999,36.759998,35.200001
Tiraque,53.700001,101,-65.517918,-17.337053,18.1,23.4,0,0,0,36,11,67,60.0,40.630001,39.599998
Shinahota,54.700001,87,-65.319859,-17.060249,18.1,23.4,0,0,0,158,0,101,32.099998,39.48,43.799999
Montero,61.799999,22,-63.250179,-17.333826,7.6,32.799999,0,0,0,149,434,70,23.799999,79.489998,85.699997
Ascención de Guarayos,45.5,279,-63.430755,-15.345087,12.5,31.200001,0,0,0,44,391,106,22.9,43.77,40.799999
San Andrés,47.299999,247,-64.141987,-15.374025,15.1,32.099998,0,2,0,45,19,110,32.900002,36.029999,39.400002
Vacas,46.400002,267,-65.581842,-17.589694,18.1,23.4,0,0,0,0,0,65,45.5,25.969999,22.200001
Pocona,51.099998,159,-65.371176,-17.682532,18.1,23.4,1,0,0,18,0,67,52.599998,32.869999,26.5
Okinawa Uno,56.099998,68,-62.865311,-17.324018,7.6,32.799999,0,0,0,65,18,98,22.200001,68.449997,83.0
Warnes,60.099998,28,-63.070369,-17.412384,7.6,32.799999,0,0,0,82,113,102,27.9,72.459999,79.5
General Saavedra,53.099998,110,-63.177766,-17.168649,7.6,32.799999,0,0,0,55,34,87,28.700001,62.73,69.900002
Pailón,54.0,98,-61.921332,-17.75701,7.6,32.799999,0,0,0,46,51,60,24.4,66.410004,73.199997
Fernández Alonso,57.5,55,-63.210941,-16.888673,7.6,32.799999,0,0,0,54,0,70,20.4,63.810001,72.099998
Mineros,57.700001,51,-63.273704,-17.052994,7.6,32.799999,0,0,0,53,154,80,27.700001,67.139999,76.699997
Pampa Grande,57.799999,49,-64.153379,-18.045574,7.6,32.799999,5,0,0,29,0,83,28.5,58.82,67.400002
Mairana,57.299999,56,-64.006619,-17.984715,7.6,32.799999,0,0,0,32,85,124,28.0,66.440002,77.900002
Puerto Villarroel,49.599998,193,-64.884391,-17.033153,18.1,23.4,0,0,0,198,508,90,34.900002,37.669998,36.400002
Colpa Bélgica,58.099998,43,-63.292178,-17.543384,7.6,32.799999,0,0,0,63,0,109,20.4,72.790001,79.699997
Puerto Suarez,58.400002,42,-58.256704,-19.071256,7.6,32.799999,0,0,0,51,122,64,26.4,73.790001,82.699997
El Carmen Rivero Tórrez,51.599998,148,-58.586382,-18.455465,12.5,31.200001,0,0,0,145,0,79,25.700001,50.25,56.700001
Roboré,58.599998,41,-59.611684,-18.215463,7.6,32.799999,0,0,0,24,15,73,26.4,73.029999,76.699997
San Matías,52.599998,127,-58.823365,-17.255064,12.5,31.200001,0,0,0,25,47,97,27.299999,48.650002,52.799999
Charagua,48.099998,222,-61.600804,-19.090404,12.5,31.200001,0,0,0,28,20,76,29.700001,40.220001,44.099998
San José,52.200001,136,-60.424628,-17.702364,7.6,32.799999,0,0,0,28,34,62,23.6,67.510002,82.900002
San Rafael,49.799999,190,-60.141061,-16.815589,12.5,31.200001,0,0,0,28,108,140,21.4,44.130001,57.5
Ayopaya,43.5,298,-66.805143,-17.144156,30.200001,14.7,0,0,0,84,0,83,50.700001,15.77,11.2
San Ignacio,51.700001,146,-60.994399,-15.029654,12.5,31.200001,0,0,0,34,89,106,25.299999,52.110001,65.5
Urubicha,50.0,185,-63.01854,-14.952609,12.5,31.200001,0,0,0,22,206,93,18.299999,44.509998,55.0
Baures,51.0,163,-62.875731,-13.625339,15.1,32.099998,0,0,1,32,0,139,23.9,34.009998,24.6
Trinidad,61.299999,24,-64.656889,-14.835017,9.2,33.799999,0,3,0,115,403,82,17.700001,72.18,66.300003
San Antonio de Lomerio,49.700001,191,-61.874107,-16.80662,12.5,31.200001,0,0,0,28,35,76,27.6,49.650002,60.599998
Pojo,48.0,225,-64.863896,-17.600149,30.200001,14.7,4,0,0,66,0,85,31.799999,23.940001,17.0
Entre Ríos,54.700001,88,-64.54646,-17.313036,30.200001,14.7,0,1,0,171,0,82,29.799999,36.529999,35.599998
Poroma,35.700001,339,-65.385579,-18.622064,40.599998,16.9,2,0,0,37,13,92,48.599998,1.24,4.2
Colomi,50.099998,182,-65.921012,-17.232227,18.1,23.4,0,0,0,9,0,71,40.099998,42.630001,45.599998
Alalay,40.5,321,-65.629983,-17.773109,30.200001,14.7,0,0,0,0,0,78,61.5,2.28,5.2
Vila Vila,41.099998,316,-65.671509,-17.978234,30.200001,14.7,2,0,0,0,0,60,55.700001,6.08,13.2
Ixiamas,50.5,173,-68.018773,-13.090371,38.5,13.6,0,0,2,10,129,121,34.5,32.82,37.799999
Ayata,43.599998,296,-68.712244,-15.32086,38.5,13.6,0,0,0,46,0,61,49.900002,21.07,24.9
Uyuni,56.400002,67,-66.788994,-20.065646,18.0,18.9,0,0,0,16,110,68,51.900002,51.049999,38.799999
Waldo Ballivian,47.099998,249,-68.219748,-17.115032,23.1,21.700001,0,0,0,0,0,38,55.200001,15.5,7.9
Curahuara de Carangas,54.700001,89,-68.666535,-17.988321,31.5,19.5,0,0,0,26,0,98,62.5,36.75,29.0
Choquecota,47.0,253,-67.956176,-18.123006,52.599998,12.2,0,0,0,0,0,34,38.700001,12.46,6.4
Escara,49.099998,203,-68.159131,-18.694869,52.599998,12.2,0,0,0,0,0,43,15.7,14.75,4.3
Coipasa,49.900002,187,-68.311266,-19.324869,31.5,19.5,0,0,0,0,0,75,86.0,26.280001,1.6
Chipaya,45.200001,282,-68.047556,-19.062518,31.5,19.5,0,0,0,0,0,93,49.5,27.459999,18.299999
Chayanta,45.900002,275,-66.350779,-18.414864,29.5,18.0,0,0,0,29,0,69,79.599998,27.379999,18.299999
Salinas de Garcí Mendoza,49.299999,198,-67.614543,-19.436868,31.5,19.5,0,0,0,7,0,105,50.299999,25.620001,9.9
Tupiza,59.900002,29,-65.79641,-21.491327,18.0,18.9,0,0,0,69,31,62,37.0,63.369999,60.200001
Atocha,56.5,61,-66.169933,-21.070168,18.0,18.9,0,0,0,41,0,80,48.099998,61.32,20.5
San Pedro de Quemes,55.599998,71,-68.173844,-20.999802,29.5,18.0,0,0,0,0,0,76,34.799999,31.84,21.0
San Julián,52.099998,140,-62.81306,-16.792709,7.6,32.799999,0,0,0,63,53,91,21.6,51.27,56.200001
El Puente,54.299999,94,-63.485452,-16.147501,14.2,27.5,0,0,0,0,0,76,22.9,47.200001,57.299999
Comarapa,58.900002,35,-64.432383,-17.8029,12.5,31.200001,27,0,0,34,29,98,28.799999,53.91,55.299999
Bermejo,66.599998,10,-64.328831,-22.672811,14.2,27.5,0,0,0,116,0,52,21.6,79.389999,85.300003
Villa Charcas,43.099998,304,-64.82104,-20.571798,40.599998,16.9,1,0,0,40,0,79,32.599998,11.41,16.200001
Puerto Acosta,45.900002,276,-69.215305,-15.55561,23.1,21.700001,0,0,0,9,22,24,51.400002,20.15,11.0
Escoma,46.200001,269,-69.148516,-15.638435,23.1,21.700001,0,0,0,13,0,26,70.099998,25.49,9.7
Charaña,47.799999,230,-69.156989,-17.659026,38.5,13.6,0,0,0,0,0,20,80.800003,16.440001,9.9
Achacachi,54.700001,86,-68.665246,-16.016888,14.0,22.799999,0,0,0,34,47,43,45.799999,41.400002,39.099998
Taraco,52.900002,120,-68.853405,-16.461519,14.0,22.799999,0,0,0,14,0,51,35.299999,30.98,19.4
La (Marka) San Andrés de Mach,49.200001,200,-69.043961,-16.89974,38.5,13.6,0,0,0,0,0,44,42.900002,12.66,10.7
Tacobamba,37.200001,335,-65.553892,-19.212862,49.200001,11.3,0,0,0,8,0,46,70.599998,4.72,1.6
Challapata,51.099998,160,-66.552401,-18.890258,31.5,19.5,0,0,0,39,75,72,58.400002,33.740002,25.0
Uncía,51.099998,161,-66.531296,-18.587734,29.5,18.0,0,0,0,46,21,54,65.099998,40.360001,33.200001
Ravelo,38.900002,329,-65.56374,-18.753343,49.200001,11.3,1,0,0,23,0,77,56.700001,9.45,15.9
Mizque,45.0,286,-65.420039,-18.05581,30.200001,14.7,3,0,0,38,79,79,49.5,24.01,16.0
Pasorapa,56.799999,60,-64.600649,-18.392601,18.1,23.4,2,0,0,0,0,30,31.799999,34.93,34.400002
Cotagaita,47.599998,233,-65.768956,-20.672872,29.5,18.0,1,0,0,44,7,61,40.900002,29.790001,21.200001
Camargo,53.0,115,-65.156369,-20.601989,24.299999,27.1,2,0,0,35,89,71,25.700001,44.290001,44.200001
Villazón,62.0,21,-65.642085,-21.913603,18.0,18.9,0,0,0,24,42,55,35.5,63.470001,66.900002
Padcaya,59.299999,32,-64.528925,-22.133981,14.2,27.5,0,0,0,58,0,56,16.9,52.299999,47.200001
